categoria_texto,data_coleta,editoria_texto,entrada,local,saida,tempo_minutos,total_minutos,url
Lula,2026-08-09,poder/2026,2026-08-09T06:48:53,8,2026-08-09T09:21:28,152.6,152.6,https://www1.folha.uol.com.br/poder/2026/08/mendonca-determina-entrega-de-dados-sobre-encontro-do-pt-e-de-projeto-porta-vozes-de-lula.shtml
Lula,2026-08-09,poder/2026,2026-08-09T06:48:53,9,2026-08-09T09:21:28,152.6,152.6,https://www1.folha.uol.com.br/poder/2026/08/lula-declara-ao-tse-que-patrimonio-caiu-r-26-milhoes-em-relacao-a-2022.shtml
Lula,2026-08-09,colunas/painel,2026-08-09T06:48:53,10,2026-08-09T09:21:28,152.6,152.6,https://www1.folha.uol.com.br/colunas/painel/2026/08/novo-pede-cassacao-da-chapa-lula-alckmin-por-suposto-abuso-de-poder-economico.shtml
Lula,2026-08-09,colunas/eliogaspari,2026-08-09T09:21:28,1,2026-08-09T17:18:28,477.0,477.0,https://www1.folha.uol.com.br/colunas/eliogaspari/2026/08/lula-se-mete-em-sinuca-ao-anunciar-nova-conversa-com-trump.shtml
Haddad,2026-08-09,poder/2026,2026-08-09T09:21:28,10,2026-08-09T17:18:28,477.0,477.0,https://www1.folha.uol.com.br/poder/2026/08/tarcisio-e-haddad-voltam-a-se-enfrentar-pelo-governo-de-sp-em-debate-na-band.shtml
Haddad,2026-08-09,poder/2026,2026-08-09T22:15:05,7,2026-08-09T23:57:46,102.7,579.7,https://www1.folha.uol.com.br/poder/2026/08/tarcisio-e-haddad-voltam-a-se-enfrentar-pelo-governo-de-sp-em-debate-na-band.shtml
Haddad,2026-08-10,poder/2026,2026-08-09T23:57:46,6,2026-08-10T15:45:05,947.3,947.3,https://www1.folha.uol.com.br/poder/2026/08/tarcisio-e-haddad-trocam-criticas-sobre-educacao-seguranca-e-cracolandia-em-primeiro-debate-na-tv.shtml
Lula,2026-08-10,poder/2026,2026-08-10T05:11:47,8,2026-08-10T15:45:05,633.3,633.3,https://www1.folha.uol.com.br/poder/2026/08/governo-lula-e-violencia-viram-temas-de-tarcisio-e-haddad-em-debate-veja-como-foi-em-8-pontos.shtml
Lula,2026-08-11,mundo/2026,2026-08-10T18:36:52,9,2026-08-11T08:14:21,817.5,817.5,https://www1.folha.uol.com.br/mundo/2026/08/lula-oferece-ajuda-apos-terremoto-atingir-colombia.shtml
Lula,2026-08-11,poder/2026,2026-08-11T11:09:31,8,2026-08-11T14:45:42,216.2,216.2,https://www1.folha.uol.com.br/poder/2026/08/motta-declara-apoio-a-lula-apos-seu-partido-rejeitar-coligacao-com-flavio-bolsonaro.shtml
Lula,2026-08-11,poder/2026,2026-08-11T18:05:49,6,2026-08-11T22:27:33,261.7,261.7,https://www1.folha.uol.com.br/poder/2026/08/lula-troca-conselheiros-de-estatais-e-da-cargos-a-aliados-com-extra-de-ate-r-31-mil-por-mes.shtml
Lula,2026-08-12,colunas/ruycastro,2026-08-12T12:05:35,2,2026-08-12T15:31:51,206.3,206.3,https://www1.folha.uol.com.br/colunas/ruycastro/2026/08/aspas-em-lulinha-e-flavio.shtml
Haddad,2026-08-13,colunas/thiago-amparo,2026-08-13T12:06:54,3,2026-08-13T18:41:51,395.0,395.0,https://www1.folha.uol.com.br/colunas/thiago-amparo/2026/08/plano-de-haddad-para-seguranca-acerta-mas-contem-imprecisoes.shtml
Lula,2026-08-14,poder/2026,2026-08-14T09:31:58,6,2026-08-14T15:09:33,337.6,337.6,https://www1.folha.uol.com.br/poder/2026/08/pt-patrocina-posts-enaltecendo-governo-e-pl-impulsiona-conteudo-para-desgastar-lula.shtml
Lula,2026-08-14,mercado/2026,2026-08-14T12:00:13,7,2026-08-14T15:09:33,189.3,189.3,https://www1.folha.uol.com.br/mercado/2026/08/lula-promete-continuidade-economica-e-nao-menciona-reducao-de-gastos-em-plano-de-governo.shtml
Lula,2026-08-15,colunas/demetriomagnoli,2026-08-14T21:02:17,1,2026-08-15T14:44:10,1061.9,1061.9,https://www1.folha.uol.com.br/colunas/demetriomagnoli/2026/08/lula-a-ultima-valsa.shtml
Lula,2026-08-15,mundo/2026,2026-08-15T08:01:04,8,2026-08-15T14:44:10,403.1,403.1,https://www1.folha.uol.com.br/mundo/2026/08/lula-reitera-que-so-vai-analisar-aval-para-embaixador-de-trump-depois-das-eleicoes.shtml
Lula,2026-08-15,mercado/2026,2026-08-15T14:44:10,7,2026-08-15T21:40:21,416.2,416.2,https://www1.folha.uol.com.br/mercado/2026/08/governo-diz-que-reciprocidade-contra-eua-pode-ser-acionada-em-outras-areas-alem-de-tarifas.shtml
Lula,2026-08-16,colunas/dora-kramer,2026-08-15T16:56:19,1,2026-08-16T07:47:07,890.8,890.8,https://www1.folha.uol.com.br/colunas/dora-kramer/2026/08/confraria-de-interesses-se-une-a-lula.shtml
Lula,2026-08-16,mercado/2026,2026-08-15T21:40:21,7,2026-08-16T07:47:07,606.8,606.8,https://www1.folha.uol.com.br/mercado/2026/08/programas-de-lula-e-flavio-fazem-promessas-sem-dizer-como-vao-bancar-gastos.shtml
Lula,2026-08-16,poder/2026,2026-08-15T21:40:21,10,2026-08-16T07:47:07,606.8,606.8,https://www1.folha.uol.com.br/poder/2026/08/lula-mira-jovens-e-campanha-deve-destacar-janja-apos-esquecer-mulheres-em-convencao.shtml
Lula,2026-08-16,poder/2026,2026-08-16T16:54:03,10,2026-08-16T21:39:59,285.9,285.9,https://www1.folha.uol.com.br/poder/2026/08/veja-pontos-em-que-os-planos-de-governo-de-lula-e-flavio-bolsonaro-divergem.shtml
Lula,2026-08-16,poder/2026,2026-08-16T16:54:03,6,2026-08-16T23:38:55,404.9,404.9,https://www1.folha.uol.com.br/poder/2026/08/lula-comeca-campanha-em-sao-bernardo-em-tom-emotivo-e-critica-gestao-da-pandemia-sob-bolsonaro.shtml
Lula,2026-08-17,poder/2026,2026-08-16T16:54:03,10,2026-08-17T08:03:29,909.4,909.4,https://www1.folha.uol.com.br/poder/2026/08/caiado-comeca-campanha-com-carreata-em-goias-e-afirma-que-e-oposicao-a-lula-apos-fala-de-kassab.shtml
Lula,2026-08-17,poder/2026,2026-08-16T23:38:55,6,2026-08-17T08:03:29,504.6,504.6,https://www1.folha.uol.com.br/poder/2026/08/no-dia-1-de-campanha-pt-faz-culto-a-personalidade-de-lula-e-pl-projeta-flavio-como-o-anti-pt.shtml
Lula,2026-08-17,colunas/painel,2026-08-17T00:00:30,12,2026-08-17T08:03:29,483.0,483.0,https://www1.folha.uol.com.br/colunas/painel/2026/08/lula-decide-nao-ir-a-debate-da-band-e-alega-desigualdade-de-condicoes.shtml
Lula,2026-08-17,colunas/encaminhado-com-frequencia,2026-08-17T10:06:24,2,2026-08-17T19:37:27,571.1,571.1,https://www1.folha.uol.com.br/colunas/encaminhado-com-frequencia/2026/08/na-largada-da-campanha-eleitoral-lula-lidera-atencao-nas-redes-sociais.shtml
Lula,2026-08-18,ambiente/2026,2026-08-18T03:09:19,7,2026-08-18T08:02:02,292.7,292.7,https://www1.folha.uol.com.br/ambiente/2026/08/lula-promete-protecao-ambiental-ao-defender-petroleo-na-foz-do-amazonas.shtml
Lula,2026-08-18,poder/2026,2026-08-18T17:02:21,7,2026-08-18T20:56:36,234.3,234.3,https://www1.folha.uol.com.br/poder/2026/08/campanha-de-lula-avalia-ato-para-evangelicos-mas-ideia-divide-aliados.shtml
Lula,2026-08-18,colunas/dora-kramer,2026-08-18T17:02:21,2,2026-08-18T22:55:02,352.7,352.7,https://www1.folha.uol.com.br/colunas/dora-kramer/2026/08/pt-atrela-futuro-a-saudade-do-passado.shtml
Lula,2026-08-20,poder/2026,2026-08-19T21:00:11,7,2026-08-20T08:07:29,667.3,667.3,https://www1.folha.uol.com.br/poder/2026/08/caso-lulinha-recoloca-corrupcao-no-caminho-da-campanha-de-lula-e-desafia-plano-para-desgastar-flavio-bolsonaro.shtml
Lula e Haddad,2026-08-20,poder/2026,2026-08-19T21:00:11,8,2026-08-20T08:07:29,667.3,667.3,https://www1.folha.uol.com.br/poder/2026/08/haddad-defende-investigacao-sobre-lulinha-e-marcola-tem-que-passar-a-regua-em-quem-quer-que-seja.shtml
Lula,2026-08-20,poder/2026,2026-08-20T11:03:30,8,2026-08-20T15:59:38,296.1,963.4,https://www1.folha.uol.com.br/poder/2026/08/caso-lulinha-recoloca-corrupcao-no-caminho-da-campanha-de-lula-e-desafia-plano-para-desgastar-flavio-bolsonaro.shtml
Lula,2026-08-20,opiniao/2026,2026-08-20T14:18:29,4,2026-08-20T19:18:33,300.1,300.1,https://www1.folha.uol.com.br/opiniao/2026/08/o-ajuste-fiscal-de-ocasiao.shtml
Lula,2026-08-20,poder/2026,2026-08-20T15:59:38,10,2026-08-20T23:55:57,476.3,476.3,https://www1.folha.uol.com.br/poder/2026/08/lula-recebe-advogado-de-lulinha-ouve-queixa-de-vazamentos-e-pede-que-filho-explique-acusacoes.shtml
Lula,2026-08-21,poder/2026,2026-08-21T03:31:20,8,2026-08-21T11:02:44,451.4,451.4,https://www1.folha.uol.com.br/poder/2026/08/flavio-bolsonaro-explora-caso-lulinha-para-desgastar-lula-e-foca-seguranca-ao-lado-de-derrite.shtml
Lula,2026-08-21,poder/2026,2026-08-20T23:01:06,7,2026-08-21T15:53:51,1012.8,1012.8,https://www1.folha.uol.com.br/poder/2026/08/pf-aponta-lulinha-como-beneficiario-indireto-em-acao-de-lobista-no-governo-lula.shtml
Lula,2026-08-21,poder/2026,2026-08-20T23:55:57,7,2026-08-21T21:54:23,1318.4,1318.4,https://www1.folha.uol.com.br/poder/2026/08/lulinha-tinha-comunhao-de-interesses-economicos-com-lobista-que-negociava-contrato-no-governo-lula-diz-pf.shtml
Lula,2026-08-21,poder/2026,2026-08-21T15:53:51,6,2026-08-21T21:54:23,360.5,360.5,https://www1.folha.uol.com.br/poder/2026/08/lobista-pagou-cartao-e-carro-de-ex-chefe-de-gabinete-de-lula-enquanto-negociava-com-governo-diz-pf.shtml
Lula,2026-08-22,poder/2026,2026-08-21T21:54:23,6,2026-08-22T09:02:15,667.9,667.9,https://www1.folha.uol.com.br/poder/2026/08/datafolha-lula-marca-39-no-1o-turno-e-flavio-bolsonaro-tem-33.shtml
Haddad,2026-08-22,poder/2026,2026-08-21T21:54:23,11,2026-08-22T09:02:15,667.9,667.9,https://www1.folha.uol.com.br/poder/2026/08/datafolha-tarcisio-lidera-disputa-para-governo-de-sp-com-45-contra-27-de-haddad.shtml
Lula,2026-08-22,poder/2026,2026-08-22T03:08:07,7,2026-08-22T09:02:15,354.1,354.1,https://www1.folha.uol.com.br/poder/2026/08/datafolha-popularidade-de-lula-derrapa-e-mantem-disputa-com-flavio-equilibrada.shtml
Lula,2026-08-22,poder/2026,2026-08-21T22:55:08,10,2026-08-22T14:53:39,958.5,958.5,https://www1.folha.uol.com.br/poder/2026/08/datafolha-avaliacao-negativa-de-lula-vai-de-38-para-41.shtml
Lula,2026-08-22,poder/2026,2026-08-22T09:02:15,7,2026-08-22T15:46:49,404.6,404.6,https://www1.folha.uol.com.br/poder/2026/08/datafolha-lula-lidera-entre-mulheres-e-mais-pobres-e-flavio-bolsonaro-entre-evangelicos.shtml
Lula,2026-08-22,poder/2026,2026-08-22T09:02:15,7,2026-08-22T17:44:28,522.2,522.2,https://www1.folha.uol.com.br/poder/2026/08/datafolha-petistas-falam-em-alivio-com-estabilidade-de-lula-e-equipe-de-flavio-ve-insatisfacao-com-governo.shtml
Lula,2026-08-23,poder/2026,2026-08-22T15:46:49,8,2026-08-23T07:50:05,963.3,963.3,https://www1.folha.uol.com.br/poder/2026/08/direita-se-organiza-e-centro-ganha-terreno-no-nordeste-sem-confrontar-lula.shtml
Lula,2026-08-23,poder/2026,2026-08-22T21:43:25,6,2026-08-23T07:50:05,606.7,606.7,https://www1.folha.uol.com.br/poder/2026/08/datafolha-flavio-tem-47-e-lula-42-em-sp-no-2o-turno-mg-marca-empate.shtml
Lula,2026-08-23,poder/2026,2026-08-22T21:43:25,7,2026-08-23T07:50:05,606.7,606.7,https://www1.folha.uol.com.br/poder/2026/08/datafolha-avaliacao-positiva-de-lula-vai-de-46-em-pe-a-27-em-sp-rj-e-df.shtml
Lula,2026-08-23,colunas/viniciustorres,2026-08-23T07:50:05,3,2026-08-23T19:00:44,670.7,670.7,https://www1.folha.uol.com.br/colunas/viniciustorres/2026/08/bolsonarinho-lulinha-e-o-efeito-do-prestigio-de-lula-na-eleicao.shtml
Lula,2026-08-24,colunas/eliogaspari,2026-08-23T19:00:44,5,2026-08-24T08:09:06,788.4,788.4,https://www1.folha.uol.com.br/colunas/eliogaspari/2026/08/ter-tirado-as-forcas-armadas-da-frigideira-foi-a-maior-proeza-de-lula-3.shtml
Lula,2026-08-24,poder/2026,2026-08-23T19:47:12,6,2026-08-24T08:09:06,741.9,741.9,https://www1.folha.uol.com.br/poder/2026/08/lula-diz-que-lulinha-precisa-se-defender-e-nega-blindagem-a-pf.shtml
Lula,2026-08-24,colunas/dora-kramer,2026-08-24T16:07:09,1,2026-08-24T21:00:20,293.2,293.2,https://www1.folha.uol.com.br/colunas/dora-kramer/2026/08/fuga-de-debate-denota-medo-do-contraditorio.shtml
Lula,2026-08-24,poder/2026,2026-08-24T21:00:20,9,2026-08-24T22:59:32,119.2,641.4,https://www1.folha.uol.com.br/poder/2026/08/datafolha-petistas-falam-em-alivio-com-estabilidade-de-lula-e-equipe-de-flavio-ve-insatisfacao-com-governo.shtml
Lula,2026-08-24,poder/2026,2026-08-24T21:00:20,10,2026-08-24T22:59:32,119.2,119.2,https://www1.folha.uol.com.br/poder/2026/08/pt-patrocina-posts-enaltecendo-governo-e-pl-impulsiona-conteudo-para-desgastar-lula.shtml 
Lula,2026-08-25,poder/2026,2026-08-24T22:59:32,7,2026-08-25T09:20:40,621.1,621.1,https://www1.folha.uol.com.br/poder/2026/08/lula-cobra-corpo-a-corpo-de-aliados-em-campanha-pressionada-por-revelacoes-sobre-lulinha.shtml
Lula,2026-08-25,colunas/dora-kramer,2026-08-25T17:50:56,2,2026-08-25T23:55:44,364.8,364.8,https://www1.folha.uol.com.br/colunas/dora-kramer/2026/08/duas-campanhas-com-as-almas-enfiadas-na-lama.shtml
Lula,2026-08-28,colunas/ruycastro,2026-08-26T11:50:42,2,2026-08-28T00:57:18,2226.6,2226.6,https://www1.folha.uol.com.br/colunas/ruycastro/2026/08/elogio-da-esterilidade.shtml
Lula,2026-08-28,colunas/viniciustorres,2026-08-28T00:57:18,2,2026-08-28T21:52:21,1255.1,1255.1,https://www1.folha.uol.com.br/colunas/viniciustorres/2026/08/lula-3-nao-entendeu-que-lula-4-depende-de-muito-mais-do-que-emprego-e-renda-melhores.shtml
Lula,2026-08-28,poder/2026,2026-08-28T00:57:18,6,2026-08-28T21:52:21,1255.1,1255.1,https://www1.folha.uol.com.br/poder/2026/08/lula-diz-que-acusacoes-contra-filho-sao-ilacoes-e-chama-lobista-amiga-de-lulinha-de-pilantra.shtml
Lula,2026-08-28,poder/2026,2026-08-28T00:57:18,9,2026-08-28T21:52:21,1255.1,1255.1,https://www1.folha.uol.com.br/poder/2026/08/candidatos-arrecadam-r-78-mi-e-recebem-r-650-mi-de-partidos-com-10-dias-de-campanha.shtml
Lula,2026-08-29,poder/2026,2026-08-29T01:43:34,10,2026-08-29T10:14:42,511.1,511.1,https://www1.folha.uol.com.br/poder/2026/08/apoiadores-usam-os-mesmos-argumentos-sobre-fotos-de-lula-com-lobista-e-flavio-bolsonaro-com-sicario.shtml
Lula,2026-08-29,poder/2026,2026-08-29T01:21:40,6,2026-08-29T15:25:40,844.0,844.0,https://www1.folha.uol.com.br/poder/2026/08/flavio-bolsonaro-se-nega-a-prestar-contas-sobre-dark-horse-e-tenta-colar-master-em-lula.shtml
Lula,2026-08-29,poder/2026,2026-08-29T01:43:34,9,2026-08-29T15:25:40,822.1,822.1,https://www1.folha.uol.com.br/poder/2026/08/lula-reclama-de-entrevista-na-globo-e-diz-que-e-triste-nao-discutir-mais-propostas.shtml
Lula,2026-08-29,poder/2026,2026-08-29T16:09:59,9,2026-08-29T17:38:21,88.4,932.4,https://www1.folha.uol.com.br/poder/2026/08/flavio-bolsonaro-se-nega-a-prestar-contas-sobre-dark-horse-e-tenta-colar-master-em-lula.shtml
Lula,2026-08-29,poder/2026,2026-08-29T17:38:21,9,2026-08-29T17:49:12,10.9,10.9,https://www1.folha.uol.com.br/poder/2026/08/lula-diz-que-enfrenta-poderosos-e-flavio-bolsonaro-busca-voto-feminino-em-primeiro-programa-na-tv.shtml
Lula,2026-08-29,colunas/adriana-fernandes,2026-08-29T13:35:44,1,2026-08-29T20:34:09,418.4,418.4,https://www1.folha.uol.com.br/colunas/adriana-fernandes/2026/08/lacracao-de-lula-no-jn-sobre-divida-publica.shtml
Lula,2026-08-29,poder/2026,2026-08-29T17:49:12,8,2026-08-29T21:28:50,219.6,219.6,https://www1.folha.uol.com.br/poder/2026/08/lula-exalta-janja-e-fim-da-6x1-em-ato-de-mulheres-em-mg-com-protesto-de-petistas.shtml
Lula,2026-08-29,mercado/2026,2026-08-29T21:28:50,8,2026-08-29T21:39:42,10.9,10.9,https://www1.folha.uol.com.br/mercado/2026/08/lula-minimiza-divida-publica-descarta-vender-correios-e-promete-zerar-fila-do-inss.shtml
Lula,2026-08-30,mercado/2026,2026-08-29T21:39:42,8,2026-08-30T05:48:06,488.4,488.4,https://www1.folha.uol.com.br/mercado/2026/08/lula-convida-empresarios-e-banqueiros-para-jantar-no-alvorada-e-campanha-busca-aproximacao-com-pib.shtml
Lula,2026-08-30,mercado/2026,2026-08-30T19:27:29,7,2026-08-30T20:55:31,88.0,88.0,https://www1.folha.uol.com.br/mercado/2026/08/governo-lula-quer-aval-para-congelar-mais-recursos-e-buscar-centro-da-meta-em-2027.shtml
Lula,2026-08-31,mercado/2026,2026-08-30T20:55:31,7,2026-08-31T07:19:23,623.9,623.9,https://www1.folha.uol.com.br/mercado/2026/08/governo-lula-vai-prever-aporte-de-r-652-milhoes-na-eletronuclear-no-orcamento-de-2027.shtml
Lula,2026-08-31,poder/2026,2026-08-31T07:30:30,11,2026-08-31T17:44:12,613.7,613.7,https://www1.folha.uol.com.br/poder/2026/08/tse-suspende-propaganda-de-lula-que-lista-acusacoes-contra-flavio-bolsonaro.shtml
Lula,2026-08-31,poder/2026,2026-08-31T16:04:13,6,2026-08-31T17:55:02,110.8,110.8,https://www1.folha.uol.com.br/poder/2026/08/aliados-de-lula-dizem-que-percepcao-sobre-precos-e-dividas-e-risco-maior-que-lulinha-na-eleicao.shtml
Lula,2026-09-01,poder/2026,2026-08-31T12:32:29,10,2026-09-01T01:03:25,750.9,750.9,https://www1.folha.uol.com.br/poder/2026/08/btgnexus-lula-tem-37-flavio-31-e-augusto-cury-sobre-9-pontos-e-marca-11-no-1o-turno.shtml
Lula,2026-09-01,mercado/2026,2026-09-01T00:30:55,8,2026-09-01T06:16:02,345.1,345.1,https://www1.folha.uol.com.br/mercado/2026/08/lula-janta-com-empresarios-e-banqueiros-em-busca-de-apoio-do-setor-privado-veja-convidados.shtml
Haddad,2026-09-01,poder/2026,2026-09-01T07:55:27,9,2026-09-01T11:22:35,207.1,207.1,https://www1.folha.uol.com.br/poder/2026/09/haddad-diz-que-designacao-de-pcc-como-terrorista-pelos-eua-e-uma-questao-menor.shtml
Lula,2026-09-01,poder/2026,2026-09-01T02:45:05,6,2026-09-01T12:25:07,580.0,580.0,https://www1.folha.uol.com.br/poder/2026/08/bolsonaristas-lideram-em-7-estados-e-df-e-aliados-de-lula-despontam-em-5.shtml
Lula,2026-09-01,mercado/2026,2026-09-01T06:16:02,8,2026-09-01T12:25:07,369.1,369.1,https://www1.folha.uol.com.br/mercado/2026/09/lula-promete-a-empresarios-fazer-o-possivel-para-reduzir-juros-e-reclama-de-descrenca-sobre-questao-fiscal.shtml
Lula,2026-09-02,poder/2026,2026-09-02T07:33:25,10,2026-09-02T13:11:52,338.5,338.5,https://www1.folha.uol.com.br/poder/2026/09/campanha-de-lula-quer-usar-dialogo-entre-moraes-e-vorcaro-para-pedir-fim-de-sigilo-no-caso-dark-horse.shtml
Lula,2026-09-02,colunas/monicabergamo,2026-09-02T15:05:13,8,2026-09-02T20:50:52,345.7,345.7,https://www1.folha.uol.com.br/colunas/monicabergamo/2026/09/lula-e-pressionado-para-se-pronunciar-sobre-alexandre-de-moraes.shtml
Lula,2026-09-03,poder/2026,2026-09-02T21:56:26,8,2026-09-03T07:33:34,577.1,577.1,https://www1.folha.uol.com.br/poder/2026/09/gilmar-procura-lula-para-cobrar-apoio-do-governo-a-cupula-da-pf-em-embate-entre-moraes-e-mendonca.shtml
Lula,2026-09-03,poder/2026,2026-09-02T22:55:05,6,2026-09-03T07:33:34,518.5,518.5,https://www1.folha.uol.com.br/poder/2026/09/lula-fala-com-fachin-sobre-crise-no-stf-se-distancia-de-moraes-e-define-discurso-do-ninguem-acima-da-lei.shtml
Lula,2026-09-03,poder/2026,2026-09-03T15:22:41,10,2026-09-03T22:57:20,454.7,454.7,https://www1.folha.uol.com.br/poder/2026/09/e-a-maior-crise-do-stf-gonet-deveria-se-afastar-do-caso-master-e-moraes-precisa-ser-investigado-afirma-ex-pgr-claudio-fonteles.shtml
Lula,2026-09-04,poder/2026,2026-09-03T22:06:58,11,2026-09-04T07:11:49,544.9,544.9,https://www1.folha.uol.com.br/poder/2026/09/datafolha-lula-tem-38-e-flavio-bolsonaro-33-no-1o-turno-cury-vai-a-8.shtml
Lula,2026-09-04,colunas/viniciustorres,2026-09-04T00:47:54,1,2026-09-04T08:16:01,448.1,448.1,https://www1.folha.uol.com.br/colunas/viniciustorres/2026/09/sem-discurso-novo-e-com-avaliacao-pior-lula-ve-flavio-na-cola-na-eleicao-da-sujeira-judicial.shtml
Lula,2026-09-04,colunas/monicabergamo,2026-09-04T00:29:18,11,2026-09-04T13:56:55,807.6,807.6,https://www1.folha.uol.com.br/colunas/monicabergamo/2026/09/pf-relata-desconfianca-de-mendonca-sobre-seu-diretor-geral-por-proximidade-com-lula.shtml
Lula,2026-09-05,poder/2026,2026-09-04T15:46:19,9,2026-09-05T07:31:08,944.8,944.8,https://www1.folha.uol.com.br/poder/2026/09/cargo-nao-pode-ser-usado-para-beneficio-pessoal-em-nome-da-democracia-diz-lula-sem-citar-moraes.shtml
Lula,2026-09-05,poder/2026,2026-09-05T07:31:08,6,2026-09-05T15:33:02,481.9,481.9,https://www1.folha.uol.com.br/poder/2026/09/fachin-conversa-com-lula-e-indica-que-levara-casos-de-moraes-e-mendonca-ao-plenario-do-stf.shtml
Lula,2026-09-05,poder/2026,2026-09-05T15:33:02,8,2026-09-05T20:30:48,297.8,297.8,https://www1.folha.uol.com.br/poder/2026/09/lula-restringe-nucleo-de-campanha-e-planeja-reforco-apos-se-queixar-de-resultados.shtml
Lula,2026-09-05,poder/2026,2026-09-05T20:30:48,8,2026-09-05T22:13:33,102.8,584.7,https://www1.folha.uol.com.br/poder/2026/09/fachin-conversa-com-lula-e-indica-que-levara-casos-de-moraes-e-mendonca-ao-plenario-do-stf.shtml
Lula,2026-09-07,poder/2026,2026-09-07T17:46:41,6,2026-09-07T20:47:56,181.3,181.3,https://www1.folha.uol.com.br/poder/2026/09/lula-reune-fachin-alcolumbre-e-motta-em-7-de-setembro-com-gritos-do-publico-pelo-fim-da-escala-6x1.shtml
Lula,2026-09-07,blogs/brasilia-hoje,2026-09-07T17:46:41,7,2026-09-07T20:47:56,181.3,181.3,https://www1.folha.uol.com.br/blogs/brasilia-hoje/2026/09/manifestantes-em-brasilia-pedem-saida-de-moraes-e-lula-no-7-de-setembro.shtml
Lula,2026-09-07,colunas/encaminhado-com-frequencia,2026-09-07T12:19:05,5,2026-09-07T23:02:37,643.5,643.5,https://www1.folha.uol.com.br/colunas/encaminhado-com-frequencia/2026/09/quem-ganha-com-a-crise-do-supremo.shtml
Lula,2026-09-08,colunas/dora-kramer,2026-09-07T17:46:41,2,2026-09-08T05:57:11,730.5,730.5,https://www1.folha.uol.com.br/colunas/dora-kramer/2026/09/lula-pega-carona-na-limpa-de-ricardo-couto-no-rio.shtml
Lula,2026-09-08,poder/2026,2026-09-07T20:47:56,6,2026-09-08T11:02:30,854.6,854.6,https://www1.folha.uol.com.br/poder/2026/09/flavio-bolsonaro-reune-apoiadores-na-paulista-para-ato-do-7-de-setembro.shtml
Lula,2026-09-08,colunas/joel-pinheiro-da-fonseca,2026-09-08T05:57:11,2,2026-09-08T18:34:56,757.8,757.8,https://www1.folha.uol.com.br/colunas/joel-pinheiro-da-fonseca/2026/09/lula-pagara-o-preco-da-blindagem-a-alexandre-de-moraes.shtml
Lula,2026-09-08,colunas/monicabergamo,2026-09-08T15:02:56,9,2026-09-08T21:23:19,380.4,380.4,https://www1.folha.uol.com.br/colunas/monicabergamo/2026/09/agu-de-lula-vai-recorrer-ao-stf-contra-mendonca.shtml
Lula,2026-09-08,poder/2026,2026-09-08T18:34:56,9,2026-09-08T23:31:06,296.2,296.2,https://www1.folha.uol.com.br/poder/2026/09/lula-recebe-auxiliares-para-reuniao-de-emergencia-no-palacio-da-alvorada.shtml
Lula,2026-09-09,colunas/helioschwartsman,2026-09-08T18:34:56,3,2026-09-09T11:49:23,1034.5,1034.5,https://www1.folha.uol.com.br/colunas/helioschwartsman/2026/09/excesso-de-politica-torna-stf-disfuncional.shtml
Lula,2026-09-09,poder/2026,2026-09-09T11:49:23,7,2026-09-09T15:20:56,211.6,211.6,https://www1.folha.uol.com.br/poder/2026/09/mendonca-acirra-crise-institucional-ao-afastar-diretor-da-pf-e-colocar-lula-sob-pressao.shtml
Lula,2026-09-09,poder/2026,2026-09-09T18:44:25,7,2026-09-09T23:19:57,275.5,275.5,https://www1.folha.uol.com.br/poder/2026/09/lula-assume-operacao-para-estancar-crise-no-stf-e-atua-para-tentar-isolar-mendonca.shtml
Lula,2026-09-10,poder/2026,2026-09-10T11:08:57,10,2026-09-10T14:58:58,230.0,230.0,https://www1.folha.uol.com.br/poder/2026/09/pt-ve-campanha-de-lula-em-risco-com-crise-no-stf-e-convoca-reuniao-de-emergencia-com-aliados.shtml
Lula,2026-09-11,poder/2026,2026-09-11T05:51:20,9,2026-09-11T10:14:53,263.6,263.6,https://www1.folha.uol.com.br/poder/2026/09/lula-diz-que-fachin-colocou-um-pouco-de-ordem-na-casa-mas-que-espera-mais-de-presidente-do-stf.shtml
Lula,2026-09-11,colunas/painel,2026-09-11T17:51:46,10,2026-09-11T20:15:19,143.6,143.6,https://www1.folha.uol.com.br/colunas/painel/2026/09/campanha-de-lula-avalia-que-novas-revelacoes-do-master-interromperao-onda-favoravel-de-flavio.shtml
Haddad,2026-09-12,poder/2026,2026-09-11T20:15:19,18,2026-09-12T09:15:56,780.6,780.6,https://www1.folha.uol.com.br/poder/2026/09/datafolha-tarcisio-lidera-em-sp-contra-haddad-e-poderia-vencer-disputa-em-primeiro-turno.shtml
Lula,2026-09-12,poder/2026,2026-09-11T22:39:24,13,2026-09-12T09:15:56,636.5,636.5,https://www1.folha.uol.com.br/poder/2026/09/datafolha-lula-tem-39-e-flavio-bolsonaro-35-em-primeiro-turno.shtml
Lula,2026-09-12,poder/2026,2026-09-11T22:39:24,14,2026-09-12T09:15:56,636.5,636.5,https://www1.folha.uol.com.br/poder/2026/09/datafolha-flavio-bolsonaro-e-lula-sao-rejeitados-por-46-dos-eleitores.shtml
Lula,2026-09-12,poder/2026,2026-09-11T22:39:24,8,2026-09-12T09:15:56,636.5,636.5,https://www1.folha.uol.com.br/poder/2026/09/mendonca-diz-que-dados-de-celular-de-vorcaro-estao-intocados-e-nao-atende-zanin.shtml
Lula,2026-09-12,poder/2026,2026-09-12T16:04:08,10,2026-09-12T18:19:28,135.3,135.3,https://www1.folha.uol.com.br/poder/2026/09/gilmar-repete-zanin-e-pede-acesso-a-celular-de-vorcaro.shtml
Lula,2026-09-13,poder/2026,2026-09-12T18:19:28,11,2026-09-13T10:08:33,949.1,949.1,https://www1.folha.uol.com.br/poder/2026/09/lula-diz-sobre-master-que-quem-fez-putaria-vai-ser-desmascarado.shtml
Lula,2026-09-13,poder/2026,2026-09-12T22:35:45,12,2026-09-13T14:22:27,946.7,946.7,https://www1.folha.uol.com.br/poder/2026/09/fachin-da-24-horas-para-pf-informar-sobre-custodia-e-estado-de-celular-de-vorcaro.shtml
Lula,2026-09-14,poder/2026,2026-09-13T17:29:33,7,2026-09-14T14:00:48,1231.3,1231.3,https://www1.folha.uol.com.br/poder/2026/09/pf-responde-a-fachin-e-diz-que-pode-enviar-dados-integrais-do-celular-de-vorcaro-a-ministros-do-stf.shtml
Lula,2026-09-14,poder/2026,2026-09-13T19:42:19,8,2026-09-14T14:00:48,1098.5,1098.5,https://www1.folha.uol.com.br/poder/2026/09/mendonca-diz-ser-contra-abrir-integra-do-celular-de-vorcaro-e-pede-que-fachin-apure-suposta-coacao-na-pf.shtml
Lula,2026-09-14,poder/2026,2026-09-13T21:44:41,6,2026-09-14T14:00:48,976.1,976.1,https://www1.folha.uol.com.br/poder/2026/09/zanin-ordena-acesso-a-integra-de-celular-de-vorcaro-e-diz-nao-haver-hierarquia-entre-ministros-do-stf.shtml
Haddad,2026-09-14,poder/2026,2026-09-14T19:15:36,9,2026-09-14T22:34:11,198.6,198.6,https://www1.folha.uol.com.br/poder/2026/09/haddad-diz-que-nunca-esteve-com-vorcaro-e-vincula-ex-banqueiro-a-tarcisio-e-aliados-de-bolsonaro.shtml
Lula,2026-09-15,poder/2026,2026-09-14T14:00:48,9,2026-09-15T00:52:30,651.7,651.7,https://www1.folha.uol.com.br/poder/2026/09/integra-de-celular-de-vorcaro-chega-a-gabinete-de-zanin-que-analisa-conteudo.shtml
Lula,2026-09-15,negocios/2026,2026-09-15T05:40:46,1,2026-09-15T15:13:28,572.7,572.7,https://c-level.folha.uol.com.br/negocios/2026/09/gestao-lula-perdoa-r-12-bi-em-juros-de-acordos-com-empresas-que-confessaram-corrupcao-na-lava-jato.shtml
Lula,2026-09-16,colunas/painel,2026-09-16T00:19:55,3,2026-09-16T04:59:36,279.7,279.7,https://www1.folha.uol.com.br/colunas/painel/2026/09/governistas-defendem-que-lula-cite-ministros-diretamente-ao-cobrar-investigacoes.shtml
Lula,2026-09-16,poder/2026,2026-09-16T00:19:55,9,2026-09-16T04:59:36,279.7,279.7,https://www1.folha.uol.com.br/poder/2026/09/lula-cobra-stf-por-perda-de-credibilidade-e-acusa-mendonca-de-vazamento-seletivo-no-caso-master.shtml
Lula,2026-09-16,colunas/marilizpereirajorge,2026-09-16T00:19:55,2,2026-09-16T21:28:37,1268.7,1268.7,https://www1.folha.uol.com.br/colunas/marilizpereirajorge/2026/09/torcida-petista-por-moraes-custara-a-eleicao-de-lula.shtml
Lula,2026-09-16,poder/2026,2026-09-16T18:20:24,9,2026-09-16T23:46:38,326.2,326.2,https://www1.folha.uol.com.br/poder/2026/09/flavio-bolsonaro-endurece-criticas-e-diz-que-sem-ministros-do-lula-no-supremo-a-democracia-vive.shtml
Lula,2026-09-17,poder/2026,2026-09-16T18:20:24,11,2026-09-17T01:47:51,447.5,447.5,https://www1.folha.uol.com.br/poder/2026/09/lula-diz-que-flavio-tem-bronca-com-moraes-por-julgamento-do-81-e-que-ministro-prestou-servico-a-democracia.shtml
Lula,2026-09-17,poder/2026,2026-09-16T18:20:24,13,2026-09-17T12:12:54,1072.5,1072.5,https://www1.folha.uol.com.br/poder/2026/09/lula-cita-acesso-de-ministros-do-stf-a-celular-de-vorcaro-e-diz-que-pais-sabera-quem-foi-fazer-suruba.shtml
Lula,2026-09-17,colunas/viniciustorres,2026-09-17T06:46:27,1,2026-09-17T17:04:13,617.8,617.8,https://www1.folha.uol.com.br/colunas/viniciustorres/2026/09/lula-flavio-dividas-impagaveis-e-o-ciclone-economico-previsto-para-2027.shtml
Lula,2026-09-17,poder/2026,2026-09-17T12:12:54,9,2026-09-17T17:04:13,291.3,291.3,https://www1.folha.uol.com.br/poder/2026/09/lula-diz-a-aliados-que-sessao-do-stf-foi-um-show-de-horrores-e-que-vai-procurar-fachin-para-conversa.shtml
Lula,2026-09-17,blogs/brasilia-hoje,2026-09-17T20:16:51,7,2026-09-17T22:53:58,157.1,157.1,https://www1.folha.uol.com.br/blogs/brasilia-hoje/2026/09/ze-trovao-aliado-de-flavio-bolsonaro-vai-ao-tse-contra-reajuste-no-bolsa-familia-e-mendonca-sera-relator.shtml
Lula,2026-09-17,colunas/helioschwartsman,2026-09-17T20:16:51,9,2026-09-17T22:53:58,157.1,157.1,https://www1.folha.uol.com.br/colunas/helioschwartsman/2026/09/a-materializacao-do-absurdo.shtml
Lula,2026-09-18,mercado/2026,2026-09-17T17:04:13,11,2026-09-18T05:49:58,765.8,765.8,https://www1.folha.uol.com.br/mercado/2026/09/lula-anuncia-reajuste-do-bolsa-familia-menos-de-tres-semanas-antes-do-primeiro-turno.shtml
Lula,2026-09-18,mercado/2026,2026-09-17T22:53:58,15,2026-09-18T05:49:58,416.0,416.0,https://www1.folha.uol.com.br/mercado/2026/09/reajuste-do-bolsa-familia-divide-analistas-sobre-impacto-fiscal.shtml
Lula,2026-09-18,poder/2026,2026-09-18T01:01:16,10,2026-09-18T05:49:58,288.7,288.7,https://www1.folha.uol.com.br/poder/2026/09/datafolha-lula-tem-53-entre-beneficiarios-do-bolsa-familia-e-flavio-bolsonaro-28.shtml
Lula,2026-09-18,mercado/2026,2026-09-18T01:01:16,13,2026-09-18T05:49:58,288.7,288.7,https://www1.folha.uol.com.br/mercado/2026/09/flavio-bolsonaro-diz-que-governo-lula-aumenta-bolsa-familia-por-desespero.shtml
Lula,2026-09-18,poder/2026,2026-09-17T22:53:58,13,2026-09-18T10:07:56,674.0,674.0,https://www1.folha.uol.com.br/poder/2026/09/datafolha-lula-e-flavio-bolsonaro-empatam-em-1o-e-2o-turnos.shtml
Lula,2026-09-18,colunas/helioschwartsman,2026-09-18T01:01:16,2,2026-09-18T10:07:56,546.7,703.8,https://www1.folha.uol.com.br/colunas/helioschwartsman/2026/09/a-materializacao-do-absurdo.shtml
Lula,2026-09-18,poder/2026,2026-09-18T05:49:58,12,2026-09-18T10:07:56,258.0,258.0,https://www1.folha.uol.com.br/poder/2026/09/lula-diz-que-elo-de-vorcaro-com-ministros-do-stf-deve-ser-analisado-de-forma-conjunta.shtml
Lula,2026-09-18,mercado/2026,2026-09-18T10:07:56,7,2026-09-18T14:30:51,262.9,262.9,https://www1.folha.uol.com.br/mercado/2026/09/pacote-de-lula-em-ano-eleitoral-ja-mobiliza-quase-r-200-bilhoes-em-bondades.shtml
Lula,2026-09-18,poder/2026,2026-09-18T14:30:51,9,2026-09-18T17:50:05,199.2,487.9,https://www1.folha.uol.com.br/poder/2026/09/datafolha-lula-tem-53-entre-beneficiarios-do-bolsa-familia-e-flavio-bolsonaro-28.shtml
Lula,2026-09-18,poder/2026,2026-09-18T17:50:05,6,2026-09-18T20:03:20,133.3,133.3,https://www1.folha.uol.com.br/poder/2026/09/ministro-do-stj-disse-estar-sempre-a-disposicao-de-vorcaro-indicam-mensagens.shtml
Lula,2026-09-18,poder/2026,2026-09-18T17:50:05,7,2026-09-18T20:03:20,133.3,133.3,https://www1.folha.uol.com.br/poder/2026/09/lula-diz-que-crise-na-stf-respinga-na-eleicao-e-culpa-bolsonaro-pelo-caso-master.shtml
Lula,2026-09-19,colunas/monicabergamo,2026-09-18T22:32:12,6,2026-09-19T00:35:29,123.3,123.3,https://www1.folha.uol.com.br/colunas/monicabergamo/2026/09/gilmar-mendes-decide-que-reajuste-de-lula-ao-bolsa-familia-nao-afronta-a-lei-eleitoral.shtml
Lula,2026-09-19,poder/2026,2026-09-18T22:32:12,10,2026-09-19T00:35:29,123.3,123.3,https://www1.folha.uol.com.br/poder/2026/09/lula-reajustou-bolsa-familia-apos-reuniao-com-mulheres-e-criticas-a-custo-de-vida-na-campanha.shtml
Lula,2026-09-19,poder/2026,2026-09-19T00:35:29,8,2026-09-19T09:25:02,529.6,529.6,https://www1.folha.uol.com.br/poder/2026/09/datafolha-38-citam-lula-como-prejudicado-por-crise-no-stf-e-31-apontam-flavio-bolsonaro.shtml
Lula,2026-09-20,blogs/brasilia-hoje,2026-09-19T23:09:43,8,2026-09-20T01:09:28,119.8,119.8,https://www1.folha.uol.com.br/blogs/brasilia-hoje/2026/09/mendonca-diz-que-gabinete-nao-conseguiu-acessar-conteudo-de-celular-de-vorcaro-e-pede-ajuda-a-pf.shtml
Lula,2026-09-20,colunas/eliogaspari,2026-09-20T11:35:50,1,2026-09-20T17:47:07,371.3,371.3,https://www1.folha.uol.com.br/colunas/eliogaspari/2026/09/lula-atravessou-a-praca-dos-tres-poderes-para-entrar-na-crise-do-stf.shtml
Lula,2026-09-21,mercado/2026,2026-09-20T17:47:07,6,2026-09-21T10:25:02,997.9,997.9,https://www1.folha.uol.com.br/mercado/2026/09/governo-lula-demora-mais-para-conceder-garantia-a-emprestimos-pleiteados-por-opositores.shtml
Lula,2026-09-21,financas/2026,2026-09-20T17:47:07,7,2026-09-21T10:25:02,997.9,997.9,https://c-level.folha.uol.com.br/financas/2026/09/governo-do-distrito-federal-aciona-stf-e-diz-que-resistencia-de-lula-a-ajudar-brb-e-decisao-politica.shtml
Lula,2026-09-22,infraestrutura/2026,2026-09-22T12:15:49,6,2026-09-22T17:02:57,287.1,287.1,https://c-level.folha.uol.com.br/infraestrutura/2026/09/governo-lula-tera-de-assumir-a-ferrovia-malha-oeste-apos-impasse-com-concessionaria.shtml
Lula,2026-09-22,mundo/2026,2026-09-22T17:02:57,11,2026-09-22T22:56:30,353.6,353.6,https://www1.folha.uol.com.br/mundo/2026/09/na-onu-lula-critica-ingerencia-externa-nas-eleicoes-sem-mencionar-eua.shtml
Lula,2026-09-22,mundo/2026,2026-09-22T17:02:57,15,2026-09-22T22:56:30,353.6,353.6,https://www1.folha.uol.com.br/mundo/2026/09/leia-integra-do-discurso-de-lula-na-assembleia-geral-da-onu.shtml
Lula,2026-09-22,mundo/2026,2026-09-22T20:09:04,13,2026-09-22T22:56:30,167.4,167.4,https://www1.folha.uol.com.br/mundo/2026/09/marco-rubio-se-aproxima-e-aponta-para-lula-na-onu-mas-esbarra-em-mauro-vieira-veja-video.shtml
Lula,2026-09-23,colunas/helioschwartsman,2026-09-22T22:56:30,1,2026-09-23T01:20:32,144.0,144.0,https://www1.folha.uol.com.br/colunas/helioschwartsman/2026/09/lula-devera-agir-contra-as-bets.shtml
Lula,2026-09-23,poder/2026,2026-09-22T22:56:30,6,2026-09-23T01:20:32,144.0,144.0,https://www1.folha.uol.com.br/poder/2026/09/47-das-mulheres-chefes-de-familia-dizem-votar-em-lula-27-em-flavio-diz-datafolha.shtml
Lula,2026-09-23,colunas/dora-kramer,2026-09-22T17:02:57,2,2026-09-23T11:36:19,1113.4,1113.4,https://www1.folha.uol.com.br/colunas/dora-kramer/2026/09/lula-prova-do-proprio-veneno-no-incentivo-ao-antagonismo-politico.shtml
Lula,2026-09-23,colunas/viniciustorres,2026-09-23T01:20:32,1,2026-09-23T11:36:19,615.8,615.8,https://www1.folha.uol.com.br/colunas/viniciustorres/2026/09/lula-aposta-tarde-contra-desgraca-das-bets-e-da-vida-cara-para-o-povo-miudo.shtml
Lula,2026-09-23,colunas/marilizpereirajorge,2026-09-23T11:36:19,2,2026-09-23T19:12:57,456.6,456.6,https://www1.folha.uol.com.br/colunas/marilizpereirajorge/2026/09/culpa-pelas-bets-tem-as-digitais-de-lula-e-de-bolsonaro.shtml
Lula,2026-09-23,poder/2026,2026-09-23T15:33:47,6,2026-09-23T22:20:36,406.8,406.8,https://www1.folha.uol.com.br/poder/2026/09/lobista-amiga-de-lulinha-pagou-integrantes-de-ministerio-que-fechou-secretario-do-governo-lula-diz-pf.shtml
Lula,2026-09-24,colunas/maria-herminia-tavares,2026-09-23T22:20:36,2,2026-09-24T10:23:02,722.4,722.4,https://www1.folha.uol.com.br/colunas/maria-herminia-tavares/2026/09/o-brasil-de-sempre-nas-nacoes-unidas.shtml
Lula,2026-09-24,poder/2026,2026-09-24T00:37:49,6,2026-09-24T10:23:02,585.2,585.2,https://www1.folha.uol.com.br/poder/2026/09/na-reta-final-de-propaganda-na-tv-flavio-se-diz-alvo-de-ataques-e-lula-mira-governo-bolsonaro.shtml
Lula,2026-09-24,poder/2026,2026-09-24T00:37:49,8,2026-09-24T10:23:02,585.2,585.2,https://www1.folha.uol.com.br/poder/2026/09/campanha-de-lula-aciona-stf-e-tse-por-possivel-interferencia-dos-eua-nas-eleicoes.shtml
Lula,2026-09-24,poder/2026,2026-09-24T10:23:02,7,2026-09-24T19:20:41,537.7,537.7,https://www1.folha.uol.com.br/poder/2026/09/avanco-de-flavio-bolsonaro-faz-lula-reavaliar-estrategia-e-presidente-deve-ir-a-debate-da-globo.shtml
Lula,2026-09-24,poder/2026,2026-09-24T15:21:24,12,2026-09-24T19:20:41,239.3,239.3,https://www1.folha.uol.com.br/poder/2026/09/ato-de-lula-com-artistas-no-rj-tem-apelos-contra-bets-ataque-a-trump-e-vaia-a-aliado.shtml
Lula,2026-09-25,poder/2026,2026-09-24T22:34:20,6,2026-09-25T00:46:44,132.4,132.4,https://www1.folha.uol.com.br/poder/2026/09/datafolha-lula-tem-40-e-flavio-bolsonaro-36-em-1o-turno-rivais-empatam-em-2o-turno.shtml
Haddad,2026-09-25,poder/2026,2026-09-24T22:34:20,11,2026-09-25T00:46:44,132.4,132.4,https://www1.folha.uol.com.br/poder/2026/09/datafolha-tarcisio-tem-50-contra-30-de-haddad-e-poderia-vencer-em-1o-turno-em-sp.shtml
Lula,2026-09-25,colunas/laura-muller,2026-09-24T22:34:20,5,2026-09-25T10:29:52,715.5,715.5,https://www1.folha.uol.com.br/colunas/laura-muller/2026/09/a-pilula-do-dia-seguinte-funciona-mesmo-ou-e-lenda.shtml
Lula,2026-09-25,negocios/2026,2026-09-25T00:46:44,9,2026-09-25T10:29:52,583.1,583.1,https://c-level.folha.uol.com.br/negocios/2026/09/lula-pretende-anunciar-proibicao-de-bets-nesta-sexta-em-sp.shtml
Lula,2026-09-25,colunistas/outro-canal,2026-09-25T00:46:44,11,2026-09-25T10:29:52,583.1,583.1,https://f5.folha.uol.com.br/colunistas/outro-canal/2026/09/bets-notificam-globo-band-e-redetv-sobre-rescisao-contratual-caso-lula-vete-apostas.shtml
Lula,2026-09-25,poder/2026,2026-09-25T10:29:52,6,2026-09-25T19:29:12,539.3,539.3,https://www1.folha.uol.com.br/poder/2026/09/datafolha-campanha-de-lula-ve-alivio-e-equipe-de-flavio-bolsonaro-mantem-aposta-em-voto-util.shtml
